{
    "c": 
    {
        "i": 57, 
        "n": 987, 
        "p": 834
    }, 
    "s": 
    {
        "s": 932, 
        "o": 
        {
            "l": 131.718048
        }
    }, 
    "p": [
        {
            "t": 872, 
            "c": [
            {
                "l": 112.497512
            }
            ]
        }], 
        "d": [
            {
                "i": "ulofaqurlt", 
                "t": "rafdybqhda", 
                "l": 
            {
        "l": -148.539411, 
        "a": 38.618118, 
        "t": 760
        },
        "h": 
        {
            "l": 77.41196, 
            "a": -34.772457, 
            "t": 319
        }, 
        "o": 
        {
            "l": -110.172927, 
            "a": -7.669076, 
            "t": 513
        }, 
        "v": 
        {
            "x": 114.080312, 
            "y": 1.233448, 
            "z": 47.250513
        }, 
        "d": "Radar", 
        "s": 918, 
        "f": "gathiojfjx", 
        "a": -71.559641, 
        "m": "givsogxolb"
}]}